user_id,name,email,password,role,phone,created_at,city,area
1,Allison Hill,donaldgarcia@example.net,hashed_password_admin,admin,03126855092,2025-09-16 02:49:49.055449,Lahore,Bahria Town
2,Javier Johnson,jesseguzman@example.net,hashed_password_admin,admin,03362950628,2024-09-01 04:39:46.831670,Peshawar,Johar Town
3,Kimberly Robinson,lisa02@example.net,hashed_password_admin,admin,03890779946,2025-01-01 19:33:35.876894,Islamabad,DHA
4,Savour Restaurant,eric51@example.org,hashed_password_rest,restaurant,03734036506,2025-01-13 02:18:43.955398,Lahore,Saddar
5,Spice Garden,melanie94@example.org,hashed_password_rest,restaurant,03131994523,2025-08-24 16:45:38.792453,Karachi,DHA
6,Lahori Dhaba,dudleynicholas@example.net,hashed_password_rest,restaurant,03349817734,2024-11-18 15:28:16.377946,Rawalpindi,Hayatabad
7,Karachi Grill,barbara10@example.net,hashed_password_rest,restaurant,03702632297,2024-10-07 21:59:32.529835,Karachi,Johar Town
8,Biryani House,tracie31@example.com,hashed_password_rest,restaurant,03336696312,2024-11-08 22:12:43.160515,Multan,Blue Area
9,Desi Tadka,francisco53@example.net,hashed_password_rest,restaurant,03969119330,2024-11-01 21:31:21.478644,Peshawar,I-8
10,Frontier Foods,lynchgeorge@example.net,hashed_password_rest,restaurant,03914763202,2024-10-18 17:27:14.619305,Karachi,G-11
11,Meezan Kitchen,ogray@example.net,hashed_password_rest,restaurant,03849621470,2025-05-06 06:03:47.074630,Islamabad,Saddar
12,Al-Baik Karachi,megan03@example.org,hashed_password_rest,restaurant,03398362082,2025-10-11 20:10:26.952839,Quetta,Clifton
13,Punjab da Dhaba,nadams@example.net,hashed_password_rest,restaurant,03919795579,2025-11-26 10:20:32.106349,Rawalpindi,F-10
14,Zaiqa Lounge,jason76@example.net,hashed_password_rest,restaurant,03199585092,2025-03-04 13:06:57.096623,Lahore,Saddar
15,Masala Express,donald88@example.com,hashed_password_rest,restaurant,03485451171,2025-09-04 17:53:20.974328,Lahore,I-8
16,Naan & More,zhurst@example.com,hashed_password_rest,restaurant,03748245888,2024-10-02 10:24:08.233760,Quetta,F-7
17,Pakwan Palace,williamdavis@example.org,hashed_password_rest,restaurant,03883543540,2025-11-16 16:09:43.045640,Karachi,Blue Area
18,Shandana Bakers,courtneyconner@example.com,hashed_password_rest,restaurant,03506448196,2025-05-31 11:25:08.565956,Lahore,DHA
19,Roshan Hotel,djames@example.net,hashed_password_rest,restaurant,03990566476,2024-10-22 22:45:19.878140,Peshawar,Model Town
20,City Bites,frazierdanny@example.net,hashed_password_rest,restaurant,03719927151,2025-09-07 05:10:03.649548,Quetta,Johar Town
21,Fast Bites Multan,daniel62@example.com,hashed_password_rest,restaurant,03149203558,2024-05-17 07:31:42.290818,Lahore,Model Town
22,Tandoor House,teresa28@example.org,hashed_password_rest,restaurant,03930075810,2025-11-22 16:36:36.850235,Rawalpindi,F-7
23,Faisal Kebab Corner,meagan89@example.org,hashed_password_rest,restaurant,03349957310,2024-08-20 22:29:28.049735,Lahore,I-8
24,Green Leaf Cafe,amberosborne@example.net,hashed_password_rest,restaurant,03508157429,2025-12-23 08:36:25.152530,Lahore,F-7
25,Silver Spoon,tracy15@example.com,hashed_password_rest,restaurant,03782560971,2024-10-15 07:14:45.782355,Faisalabad,I-8
26,Shiraz Hotel,nataliearroyo@example.org,hashed_password_rest,restaurant,03274648506,2025-08-26 02:08:25.647897,Quetta,F-10
27,Nimco House,spenceamanda@example.org,hashed_password_rest,restaurant,03324956459,2024-08-05 07:25:49.863403,Quetta,Model Town
28,Bun Kebab Wala,karroyo@example.com,hashed_password_rest,restaurant,03853573823,2025-04-17 12:55:56.757198,Peshawar,Model Town
29,Murgh Mahal,ibrandt@example.net,hashed_password_rest,restaurant,03754049436,2025-07-30 05:11:37.025118,Lahore,Model Town
30,Andaaz Restaurant,raymond57@example.net,hashed_password_rest,restaurant,03673528321,2025-02-27 20:06:59.120323,Islamabad,Bahria Town
31,Star Foods,jeffreymorgan@example.net,hashed_password_rest,restaurant,03275452091,2025-05-04 07:36:22.624745,Rawalpindi,Blue Area
32,Golden Fork,adrianzimmerman@example.org,hashed_password_rest,restaurant,03389854268,2024-10-08 14:00:04.032927,Multan,Model Town
33,Dilkusha Dhaba,heathchad@example.org,hashed_password_rest,restaurant,03835098955,2024-11-09 05:56:19.648411,Rawalpindi,F-10
34,Edhi Foundation,ilewis@example.net,hashed_password_ngo,NGO,03345938494,2026-01-03 05:43:37.271448,Karachi,I-8
35,Saylani Welfare,esanchez@example.com,hashed_password_ngo,NGO,03964411347,2024-09-13 22:52:22.519606,Karachi,F-10
36,Akhuwat Foundation,hopkinsmichael@example.com,hashed_password_ngo,NGO,03387484583,2025-03-09 18:29:50.317328,Multan,DHA
37,JDC Foundation,nuneztracey@example.org,hashed_password_ngo,NGO,03709004943,2024-06-22 23:37:01.616431,Rawalpindi,Bahria Town
38,Rizvia Society,lauren13@example.org,hashed_password_ngo,NGO,03328306011,2024-09-13 19:47:21.242385,Quetta,Model Town
39,Umang NGO,ltaylor@example.com,hashed_password_ngo,NGO,03524806516,2025-03-06 23:02:52.239514,Faisalabad,Model Town
40,Shaheen Foundation,ramosmichelle@example.net,hashed_password_ngo,NGO,03253407200,2024-07-16 19:47:10.769625,Faisalabad,F-7
41,Kiran Foundation,novaksara@example.org,hashed_password_ngo,NGO,03364814270,2024-08-29 13:09:59.133588,Islamabad,Bahria Town
42,Sungi Development,zolson@example.org,hashed_password_ngo,NGO,03902099969,2024-08-28 11:29:07.040133,Peshawar,Cantt
43,Rutba Welfare Trust,gallowayjoseph@example.com,hashed_password_ngo,NGO,03726563708,2024-11-13 13:49:45.847812,Multan,Saddar
44,Layton Rahmatulla,smoore@example.org,hashed_password_ngo,NGO,03335493870,2026-01-24 10:58:57.783811,Quetta,Clifton
45,Al-Khidmat Foundation,adkinsbrian@example.net,hashed_password_ngo,NGO,03197613238,2025-03-16 00:17:14.110311,Faisalabad,G-11
46,Baitussalam Welfare,brianromero@example.org,hashed_password_ngo,NGO,03217734861,2024-06-28 00:56:45.823535,Karachi,Clifton
47,Ansar Burney Trust,leonardjoe@example.org,hashed_password_ngo,NGO,03950488739,2026-01-07 03:01:51.405054,Islamabad,Model Town
48,Saiban NGO,bethwilliams@example.org,hashed_password_ngo,NGO,03740389325,2025-02-07 05:11:16.512918,Multan,DHA
49,Mera Ghar Foundation,sarah35@example.org,hashed_password_ngo,NGO,03509760584,2024-11-01 00:36:27.791705,Multan,Cantt
50,Hand in Hand,emilyevans@example.com,hashed_password_ngo,NGO,03668132202,2025-12-30 02:04:17.266578,Faisalabad,F-7
51,Insaaf Welfare,smithchristine@example.net,hashed_password_ngo,NGO,03830448745,2026-02-10 23:08:08.248781,Karachi,Bahria Town
52,Amn Foundation,medinawilliam@example.org,hashed_password_ngo,NGO,03831980933,2026-01-01 19:08:04.349538,Lahore,Hayatabad
53,Naya Daur Trust,suarezmike@example.org,hashed_password_ngo,NGO,03925276600,2025-02-19 08:03:12.014290,Peshawar,Model Town
54,"Warner, Carr and Archer Welfare",contrerasangela@example.net,hashed_password,NGO,03415143362,2024-07-26 18:08:36.628439,Lahore,Saddar
55,Baker Inc,josephjacobs@example.net,hashed_password,restaurant,03103484630,2025-01-10 06:37:25.297148,Faisalabad,Bahria Town
56,"Walters, Baker and Freeman Welfare",davisrodney@example.com,hashed_password,NGO,03645119047,2024-06-15 02:27:43.899380,Islamabad,DHA
57,Wise-Walsh Welfare,evan78@example.net,hashed_password,NGO,03264109919,2025-03-10 15:29:49.988940,Rawalpindi,F-10
58,Rodriguez Ltd,amydavenport@example.net,hashed_password,restaurant,03743111853,2025-06-06 00:57:30.141239,Karachi,F-10
59,Anderson-Parker Welfare,nolanjason@example.org,hashed_password,NGO,03220117054,2025-08-25 03:10:58.058038,Karachi,F-10
60,Deleon-Henson Welfare,vdickson@example.org,hashed_password,NGO,03162196678,2026-02-22 07:54:23.148663,Rawalpindi,Johar Town
